{
  "baselines": {
    "RandomForest": {
      "auc": 0.8464539990753582,
      "f1": 0.3730886850152905,
      "precision": 0.32620320855614976,
      "recall": 0.4357142857142857
    },
    "LogisticRegression": {
      "auc": 0.7405732778548312,
      "f1": 0.33613445378151263,
      "precision": 0.23809523809523808,
      "recall": 0.5714285714285714
    },
    "Lasso": {
      "auc": 0.7377716134997688,
      "f1": 0.33755274261603374,
      "precision": 0.23952095808383234,
      "recall": 0.5714285714285714
    },
    "Ridge": {
      "auc": 0.7405732778548312,
      "f1": 0.33613445378151263,
      "precision": 0.23809523809523808,
      "recall": 0.5714285714285714
    },
    "LogisticRegression_Tuned": {
      "auc": 0.741608876560333,
      "f1": 0.33970276008492567,
      "precision": 0.24169184290030213,
      "recall": 0.5714285714285714
    },
    "SVM": {
      "auc": 0.7125612575127137,
      "f1": 0.0972972972972973,
      "precision": 0.2,
      "recall": 0.06428571428571428
    }
  },
  "gnn_stats": {
    "auc": {
      "mean": 0.7632658344891354,
      "std": 0.008431188367958491,
      "min": 0.7532131299121589,
      "max": 0.7764216366158114,
      "values": [
        0.7532131299121589,
        0.7764216366158114,
        0.762260748959778,
        0.7559685621821545,
        0.7684650947757744
      ]
    },
    "f1": {
      "mean": 0.2726256648526396,
      "std": 0.007325125368276823,
      "min": 0.2600896860986547,
      "max": 0.28115015974440893,
      "values": [
        0.2600896860986547,
        0.2782071097372488,
        0.28115015974440893,
        0.27009646302250806,
        0.27358490566037735
      ]
    },
    "precision": {
      "mean": 0.17454461682236186,
      "std": 0.00554773625603595,
      "min": 0.16446124763705103,
      "max": 0.18106995884773663,
      "values": [
        0.16446124763705103,
        0.17751479289940827,
        0.18106995884773663,
        0.17427385892116182,
        0.17540322580645162
      ]
    },
    "recall": {
      "mean": 0.6228571428571429,
      "std": 0.013850513878332388,
      "min": 0.6,
      "max": 0.6428571428571429,
      "values": [
        0.6214285714285714,
        0.6428571428571429,
        0.6285714285714286,
        0.6,
        0.6214285714285714
      ]
    }
  },
  "gnn_all_seeds": [
    {
      "auc": 0.7532131299121589,
      "f1": 0.2600896860986547,
      "precision": 0.16446124763705103,
      "recall": 0.6214285714285714
    },
    {
      "auc": 0.7764216366158114,
      "f1": 0.2782071097372488,
      "precision": 0.17751479289940827,
      "recall": 0.6428571428571429
    },
    {
      "auc": 0.762260748959778,
      "f1": 0.28115015974440893,
      "precision": 0.18106995884773663,
      "recall": 0.6285714285714286
    },
    {
      "auc": 0.7559685621821545,
      "f1": 0.27009646302250806,
      "precision": 0.17427385892116182,
      "recall": 0.6
    },
    {
      "auc": 0.7684650947757744,
      "f1": 0.27358490566037735,
      "precision": 0.17540322580645162,
      "recall": 0.6214285714285714
    }
  ],
  "seeds": [
    42,
    123,
    456,
    789,
    2024
  ],
  "timestamp": "2026-05-05 16:45:16"
}