{
  "mlp": {
    "auc": {
      "mean": 0.7417272306981045,
      "std": 0.009450397570327911
    },
    "f1": {
      "mean": 0.28639495881170857,
      "std": 0.007439414064460605
    },
    "precision": {
      "mean": 0.19183426692905942,
      "std": 0.006623349182816539
    },
    "recall": {
      "mean": 0.5657142857142858,
      "std": 0.01525296893147333
    }
  },
  "threshold": {
    "0.4": {
      "auc": {
        "mean": 0.7465954692556634,
        "std": 0.008680468923484362
      },
      "f1": {
        "mean": 0.2854019978140313,
        "std": 0.013031940783990167
      },
      "precision": {
        "mean": 0.25489726096478826,
        "std": 0.14546128896003557
      },
      "recall": {
        "mean": 0.5271428571428572,
        "std": 0.15788138146166855
      }
    },
    "0.5": {
      "auc": {
        "mean": 0.7293074433656959,
        "std": 0.012067013983834059
      },
      "f1": {
        "mean": 0.2941805115658496,
        "std": 0.019026099185486634
      },
      "precision": {
        "mean": 0.25953462901603885,
        "std": 0.14538828377722715
      },
      "recall": {
        "mean": 0.53,
        "std": 0.14773114023765732
      }
    },
    "0.6": {
      "auc": {
        "mean": 0.7173259361997226,
        "std": 0.00865713222632942
      },
      "f1": {
        "mean": 0.282843288978235,
        "std": 0.013924710618283697
      },
      "precision": {
        "mean": 0.1885255643770421,
        "std": 0.01231493813755641
      },
      "recall": {
        "mean": 0.5685714285714287,
        "std": 0.02285714285714283
      }
    }
  },
  "stacking": {
    "stacking_simple": {
      "auc": 0.8371197411003236,
      "f1": 0.33633633633633636,
      "precision": 0.29015544041450775,
      "recall": 0.4
    },
    "stacking_full": {
      "auc": 0.8285575589459084,
      "f1": 0.3181818181818182,
      "precision": 0.2916666666666667,
      "recall": 0.35
    }
  },
  "rf_feature": {
    "auc": {
      "mean": 0.7850762829403605,
      "std": 0.013041857652923192
    },
    "f1": {
      "mean": 0.2926411676532451,
      "std": 0.012417911289528643
    },
    "precision": {
      "mean": 0.19158598517600606,
      "std": 0.014644903621110858
    },
    "recall": {
      "mean": 0.63,
      "std": 0.051587057386479396
    }
  }
}